,events,avg_momentum,std_momentum,min_momentum,max_momentum,teams,matches
0-15,34312,4.826789461412917,0.9711594835728928,1.7,8.0,24,51
15-30,29558,5.663466743352053,1.1334531495913394,2.0,8.8,24,51
30-45,30692,6.156829141144273,1.2167687069508022,2.1,8.8,24,51
45-60,29843,5.911318399624703,1.2015726053142435,2.1,9.2,24,51
60-75,26668,6.483177403629819,1.3050934353248203,2.3,10.0,24,51
75-90,24757,7.0015571353556565,1.456989258589721,2.5,10.0,24,51
90-105,9428,7.468254136614341,1.5659183206749403,2.7,10.0,24,51
105-120,2437,7.427728764874846,1.5724629791828124,2.0,10.0,8,5
