match,match_id,total_comparisons,unique_minutes,rank_1_sequences,avg_cosine_similarity,avg_entity_overlap,avg_semantic_similarity,avg_overall_score,max_score,min_score
Spain vs England (Final),3943043,232,57,57,0.014639224137931036,0.1392625,0.30424870689655176,0.1527168103448276,0.4048,0.0188
Netherlands vs England (Semi-Final),3942819,216,49,49,0.014978703703703702,0.1625074074074074,0.2728375,0.15010555555555558,0.4219,-0.0034
Spain vs France (Semi-Final),3942752,172,43,43,0.011588372093023255,0.1319575581395349,0.3319953488372093,0.15851453488372091,0.5025,0.0271
