feature,importance
forward_progress,0.3409852493596466
carry_speed,0.33696349214681875
carry_distance,0.13521216601935163
zone_progression,0.08150110378737932
related_events_count,0.03422889890977432
under_pressure,0.03283459672123068
duration,0.03246027059387772
minute,0.003646004977702821
play_pattern_id,0.0015529120589242744
period,0.0006153054252938379
