Category,Games,Extra_Time_Pct,Total_Shots,Shots_On_Target,Shots_Off_Target,Shots_Blocked,Shots_Per_Game,Shots_Per_90min,Shots_On_Target_Per_Game,Shots_On_Target_Per_90min,Shot_Accuracy_Pct,Conversion_Rate_Pct,On_Target_Conversion_Pct,Blocked_Shot_Pct
Group Stage,36,0.0,902,377,262,263,25.055555555555557,25.055555555555557,10.472222222222221,10.472222222222221,41.7960088691796,8.2039911308204,19.628647214854112,29.15742793791574
Round of 16,8,25.0,236,93,78,65,29.5,27.230769230769234,11.625,10.730769230769232,39.40677966101695,8.47457627118644,21.50537634408602,27.54237288135593
Quarter-finals + Semi-finals + Final,7,42.857142857142854,202,87,57,58,28.857142857142858,25.25,12.428571428571429,10.875,43.06930693069307,15.841584158415841,36.7816091954023,28.71287128712871
