Matchday,Matches,HT_Draws,HT_Draws_%,HT_1Goal,HT_1Goal_%,HT_2+Goal,HT_2+Goal_%,FT_Draws,FT_Draws_%,FT_1Goal,FT_1Goal_%,FT_2+Goal,FT_2+Goal_%,Avg_HT_Diff,Avg_FT_Diff,Avg_Goals,Extra_Time,Extra_Time_%
Matchday 1,12,4,33.33333333333333,5,41.66666666666667,3,25.0,1,8.333333333333332,6,50.0,5,41.66666666666667,1.0833333333333333,1.6666666666666667,2.8333333333333335,0,0.0
Matchday 2,12,6,50.0,6,50.0,0,0.0,6,50.0,2,16.666666666666664,4,33.33333333333333,0.5,0.9166666666666666,2.25,0,0.0
Matchday 3,12,9,75.0,3,25.0,0,0.0,7,58.333333333333336,4,33.33333333333333,1,8.333333333333332,0.25,0.5,1.6666666666666667,0,0.0
