Goal_Difference,Halftime_Count,Halftime_Percent,Fulltime_Count,Fulltime_Percent,Change
0,27,52.94117647058824,17,33.33333333333333,-10
1,21,41.17647058823529,20,39.21568627450981,-1
2,1,1.9607843137254901,8,15.686274509803921,7
3,2,3.9215686274509802,5,9.803921568627452,3
4,0,0.0,1,1.9607843137254901,1
