Total_Goals,Matches,Draws,Draw_%,Home_Wins,Home_Win_%,Away_Wins,Away_Win_%,Total_Wins,Win_%
0,6,6,100.0,0,0.0,0,0.0,0,0.0
1,7,0,0.0,2,28.57142857142857,5,71.42857142857143,7,100.0
2,15,10,66.66666666666666,5,33.33333333333333,0,0.0,5,33.33333333333333
3,16,0,0.0,9,56.25,7,43.75,16,100.0
4,4,1,25.0,1,25.0,2,50.0,3,75.0
5,2,0,0.0,1,50.0,1,50.0,2,100.0
6,1,0,0.0,1,100.0,0,0.0,1,100.0
