Period,Events,Avg_Momentum,Goal_Rate_per_1000,Shot_Rate_per_1000,High_Mom_Events,Low_Mom_Events,High_Mom_Goal_Rate,Low_Mom_Goal_Rate,Goal_Rate_Difference
Early Game (0-15),32304,5.070718796433878,0.0,4.921991084695394,159,870,0.0,0.0,0.0
First Phase (15-30),29518,5.607901958127244,0.0,6.572260993292229,6788,863,0.0,0.0,0.0
Late First Half (30-45),28512,5.655671296296297,0.0,6.38327721661055,7088,808,0.0,0.0,0.0
Early Second Half (45-60),32295,5.623300820560458,0.0,8.081746400371575,7778,959,0.0,0.0,0.0
Crucial Phase (60-75),26930,6.191043445971036,0.0,7.1295952469365025,6746,417,0.0,0.0,0.0
Final Push (75-90),24379,6.716707001927889,0.0,7.834611756019525,12786,442,0.0,0.0,0.0
Extra Time (90+),13611,6.689662772757329,0.0,9.69803835133348,7036,288,0.0,0.0,0.0
